id,text,categorie
1,"The company announced a significant increase in quarterly profits after strong international sales.",Business
2,"Stock markets closed higher today following positive economic indicators.",Business
3,"The startup secured a new round of funding from international investors.",Business
4,"The central bank decided to maintain interest rates unchanged.",Business
5,"Several companies reported strong earnings this quarter.",Business
6,"Researchers developed a new artificial intelligence model for image recognition.",Technology
7,"The latest smartphone features an advanced camera and improved battery life.",Technology
8,"Cybersecurity experts warned about a new phishing attack targeting businesses.",Technology
9,"A major software update introduces several performance improvements.",Technology
10,"Cloud computing continues to transform digital services worldwide.",Technology
11,"The football team won the championship after a thrilling final match.",Sport
12,"The athlete broke the national record during the competition.",Sport
13,"Fans celebrated the team's victory throughout the city.",Sport
14,"The coach announced the squad for the upcoming tournament.",Sport
15,"The basketball player scored thirty points in the game.",Sport
16,"The president met with foreign leaders to discuss economic cooperation.",Politics
17,"Parliament approved a new law aimed at improving public services.",Politics
18,"The election campaign focused on healthcare and education reforms.",Politics
19,"Government officials presented the national budget for next year.",Politics
20,"Political parties debated environmental policies during the conference.",Politics
21,"The actor received an award for his outstanding performance in the film.",Entertainment
22,"A popular singer released a new album that topped the charts.",Entertainment
23,"The movie attracted millions of viewers during its opening weekend.",Entertainment
24,"The music festival featured artists from around the world.",Entertainment
25,"The television series gained popularity among young audiences.",Entertainment
26,"Investors are optimistic about future growth in the technology sector.",Business
27,"A new fintech company launched innovative payment solutions.",Business
28,"Scientists created an efficient algorithm for natural language processing.",Technology
29,"The new laptop offers enhanced security features for professionals.",Technology
30,"The tennis player advanced to the final after a difficult match.",Sport
31,"The government announced measures to reduce unemployment.",Politics
32,"The actress starred in a highly anticipated streaming series.",Entertainment
33,"International trade agreements boosted exports this year.",Business
34,"The research team introduced a breakthrough in quantum computing.",Technology
35,"The cycling event attracted competitors from several countries.",Sport
36,"Lawmakers discussed reforms during the parliamentary session.",Politics
37,"The documentary received critical acclaim from reviewers.",Entertainment
38,"Financial analysts predict moderate economic growth next year.",Business
39,"Developers released a new open-source machine learning framework.",Technology
40,"The national team is preparing for the world championship.",Sport